Workbook

Sheet Raw Data
A1: Year | B1: Month | C1: EDEKA Regional Entity | D1: Monthly Revenue (€) | E1: Monthly CapEx (€)
A2: 2024 | B2: January | C2: EDEKA Minden-Hannover | D2: 1159000000 | E2: 4056500
A3: 2024 | B3: January | C3: EDEKA Südwest | D3: 1045000000 | E3: 3657500
A4: 2024 | B4: January | C4: EDEKA Nordbayern-Sachsen-Thüringen | D4: 513000000 | E4: 1795500
A5: 2024 | B5: January | C5: EDEKA Rhein-Ruhr | D5: 617500000 | E5: 2161250
A6: 2024 | B6: January | C6: EDEKA Südbayern | D6: 456000000 | E6: 1596000
A7: 2024 | B7: February | C7: EDEKA Minden-Hannover | D7: 1073600000 | E7: 3757600
A8: 2024 | B8: February | C8: EDEKA Südwest | D8: 968000000 | E8: 3388000
A9: 2024 | B9: February | C9: EDEKA Nordbayern-Sachsen-Thüringen | D9: 475200000 | E9: 1663200
A10: 2024 | B10: February | C10: EDEKA Rhein-Ruhr | D10: 572000000 | E10: 2002000
A11: 2024 | B11: February | C11: EDEKA Südbayern | D11: 422400000 | E11: 1478400
A12: 2024 | B12: March | C12: EDEKA Minden-Hannover | D12: 1098000000 | E12: 3843000
A13: 2024 | B13: March | C13: EDEKA Südwest | D13: 990000000 | E13: 3465000
... A121: 2025 | B121: December | C121: EDEKA Südbayern | D121: 571320000 | E121: 1999620

Sheet Analysis Dashboard
A1: EDEKA FINANCIAL ANALYSIS DASHBOARD 2024-2025
A3: KEY FINANCIAL METRICS
A4: Metric | B4: 2024 Value | C4: 2025 Value | D4: Change
A5: Total Revenue (€) | B5: =SUMIF('Raw Data'!$A:$A,2024,'Raw Data'!$D:$D) -> 44089500000 | C5: =SUMIF('Raw Data'!$A:$A,2025,'Raw Data'!$D:$D) -> 45715839000 | D5: =C5-B5 -> 1626339000
A6: Total CapEx (€) | B6: =SUMIF('Raw Data'!$A:$A,2024,'Raw Data'!$E:$E) -> 154313250 | C6: =SUMIF('Raw Data'!$A:$A,2025,'Raw Data'!$E:$E) -> 1.6000544e+08 | D6: =C6-B6 -> 5692186.5
A7: CapEx Intensity (%) | B7: =B6/B5 -> 0.0035 | C7: =C6/C5 -> 0.0035 | D7: =C7-B7 -> 0
A8: Average Monthly Revenue (€) | B8: =B5/12 -> 3674125000 | C8: =C5/12 -> 3809653250 | D8: =C8-B8 -> 135528250
A10: REGIONAL PERFORMANCE 2024-2025
A11: Region | B11: 2024 Revenue (€) | C11: 2025 Revenue (€) | D11: Growth %
A12: EDEKA Minden-Hannover | B12: =SUMIFS('Raw Data'!$D:$D,'Raw Data'!$A:$A,2024,'Raw Data'!$C:$C,$A12) -> 13481000000 | C12: =SUMIFS('Raw Data'!$D:$D,'Raw Data'!$A:$A,2025,'Raw Data'!$C:$C,$A12) -> 14020240000 | D12: =(C12-B12)/B12 -> 0.04
A13: EDEKA Südwest | B13: =SUMIFS('Raw Data'!$D:$D,'Raw Data'!$A:$A,2024,'Raw Data'!$C:$C,$A13) -> 12155000000 | C13: =SUMIFS('Raw Data'!$D:$D,'Raw Data'!$A:$A,2025,'Raw Data'!$C:$C,$A13) -> 12592580000 | D13: =(C13-B13)/B13 -> 0.036
A14: EDEKA Nordbayern-Sachsen-Thüringen | B14: =SUMIFS('Raw Data'!$D:$D,'Raw Data'!$A:$A,2024,'Raw Data'!$C:$C,$A14) -> 5967000000 | C14: =SUMIFS('Raw Data'!$D:$D,'Raw Data'!$A:$A,2025,'Raw Data'!$C:$C,$A14) -> 6157944000 | D14: =(C14-B14)/B14 -> 0.032
A15: EDEKA Rhein-Ruhr | B15: =SUMIFS('Raw Data'!$D:$D,'Raw Data'!$A:$A,2024,'Raw Data'!$C:$C,$A15) -> 7182500000 | C15: =SUMIFS('Raw Data'!$D:$D,'Raw Data'!$A:$A,2025,'Raw Data'!$C:$C,$A15) -> 7455435000 | D15: =(C15-B15)/B15 -> 0.038
A16: EDEKA Südbayern | B16: =SUMIFS('Raw Data'!$D:$D,'Raw Data'!$A:$A,2024,'Raw Data'!$C:$C,$A16) -> 5304000000 | C16: =SUMIFS('Raw Data'!$D:$D,'Raw Data'!$A:$A,2025,'Raw Data'!$C:$C,$A16) -> 5489640000 | D16: =(C16-B16)/B16 -> 0.035
A18: EXECUTIVE SUMMARY & ANALYTICAL NOTES
A19: • Top-line momentum: Total revenue grows from €44.09bn (FY24) to €45.72bn (FY25), +3.69% YoY, led by Minden-Hannover (+4.0%) and Rhein-Ruhr (+3.8%).
A20: • Scope: model covers the 5 regional wholesale cooperatives only; excludes independent retail margins and Netto.
A21: • CapEx: reinvestment modeled at a standardized 0.35% revenue-indexed rate per region (€154.3M FY24 → €160.0M FY25), isolating volume efficiency from one-off local construction spend.
A22: • Takeaway: West/North corridor volume density continues to support proportional infrastructure allocation amid intensive national grocery competition.
